query,rank,source_url,tag,text
Ulvik Norway,4,https://hardangerfjord.com/en/ulvik,h1,Welcome to Ulvik
Ulvik Norway,4,https://hardangerfjord.com/en/ulvik,p,"Welcome to Ulvik – Poetry, Nature, and Local Living in the Heart of HardangerUlvik is a small, welcoming village at the innermost end of the Hardangerfjord. Surrounded by steep mountains, green valleys, and fruit orchards, it offers a wide range of nature experiences, cultural activities, and local food traditions.Ulvik is a proud member of Cittaslow, the international movement for slow living, quality of life, and sustainable tourism. It is also known as Norway’s poetry village, the home of celebrated poet Olav H. Hauge.Here, you can walk the same paths that inspired Hauge’s writing, visit the Olav H. Hauge Centre, and enjoy a slower rhythm of life in harmony with nature and local culture.Ulvik is also home to Norway’s only Fruit and Cider Route, where you can visit family-run farms, taste local cider, and learn about Hardanger’s proud fruit-growing traditions.Whether you prefer hiking in the mountains, kayaking on the fjord, or discovering local art and history, Ulvik has something for everyone.Plan your stay in Ulvik and experience the best of the fjord region – at your own pace."
Ulvik Norway,4,https://hardangerfjord.com/en/ulvik,h2,Popular attractions
Ulvik Norway,4,https://hardangerfjord.com/en/ulvik,h3,"Fruit and Cider route, Ulvik"
Ulvik Norway,4,https://hardangerfjord.com/en/ulvik,h3,Hardangerfjord Ultimate RIB safari - Hardangerfjord Adventure
Ulvik Norway,4,https://hardangerfjord.com/en/ulvik,h3,Angr Sea Kayak
Ulvik Norway,4,https://hardangerfjord.com/en/ulvik,h3,Hikes in Ulvik
Ulvik Norway,4,https://hardangerfjord.com/en/ulvik,h3,Syse Gard
Ulvik Norway,4,https://hardangerfjord.com/en/ulvik,h3,Olav H. Hauge Centre
Ulvik Norway,4,https://hardangerfjord.com/en/ulvik,h2,Other attractions
Ulvik Norway,4,https://hardangerfjord.com/en/ulvik,h3,Liavegen/Jobykse
Ulvik Norway,4,https://hardangerfjord.com/en/ulvik,p,"This 3 hours long family-friendly hike gives you Ulvik at a glimpse; The Fruit and Cider route, a panoramic view over Ulvik and a spectacular viewpoint over the Osafjord."
Ulvik Norway,4,https://hardangerfjord.com/en/ulvik,h3,Hardanger Juice and Cider Factory
Ulvik Norway,4,https://hardangerfjord.com/en/ulvik,p,"Hardanger Juice and Ciderfactory grows a wide range of apple which are processed into tasty beverages such as its  highly acclaimed apple cider, juice, dessert wine and brandy. The farm offers tours and cider-tastings, as well as a selection of goods in their farm shop."
Ulvik Norway,4,https://hardangerfjord.com/en/ulvik,h3,Ulvik Church
Ulvik Norway,4,https://hardangerfjord.com/en/ulvik,p,At the heart of Ulvik towers Ulvik Church. The stunning traditional cross-shaped parish church dons beautiful rose-painted interior by local artist Lars Osa. The church is open to visitors who wish to see the traditions and culture of local Christianity up close and personal.
Ulvik Norway,4,https://hardangerfjord.com/en/ulvik,h3,Ulvik Frukt & Cideri
Ulvik Norway,4,https://hardangerfjord.com/en/ulvik,p,"Ulvik Frukt & Cideri is of the three farms part of the only Fruit- and Cidertrail in Norway. The farm offers tours and samples of their farmyard produce, including apple juice and cider."
Ulvik Norway,4,https://hardangerfjord.com/en/ulvik,h2,Accommodation
Ulvik Norway,4,https://hardangerfjord.com/en/ulvik,h3,Brakanes Hotel
Ulvik Norway,4,https://hardangerfjord.com/en/ulvik,h3,Strand Fjord hotel
Ulvik Norway,4,https://hardangerfjord.com/en/ulvik,h3,Hardanger Guesthouse
Ulvik Norway,4,https://hardangerfjord.com/en/ulvik,h3,Hardanger Panorama Lodge
Ulvik Norway,4,https://hardangerfjord.com/en/ulvik,h3,Ulvik Camping & Cabins
Ulvik Norway,4,https://hardangerfjord.com/en/ulvik,h3,Øydvin Farmtourism Cabins
Ulvik Norway,4,https://hardangerfjord.com/en/ulvik,h3,5 tips for an active holiday in Ulvik
Ulvik Norway,4,https://hardangerfjord.com/en/ulvik,p,"Tall mountains, deep fjords, idyllic fruit farms; Ulvik is a playground and the perfect place for an active stay! Whether you’re looking for a gentle Sunday stroll through town, wanting to climb a summit or hit the waves of the fjord – Ulvik has something for you. These are our top recommendations for a spectacular stay – on land and in the water."
Ulvik Norway,4,https://hardangerfjord.com/en/ulvik,p,"Tall mountains, deep fjords, idyllic fruit farms; Ulvik is a playground and the perfect place for an active stay! Whether you’re looking for a gentle Sunday stroll through town, wanting to climb a summit or hit the waves of the fjord – Ulvik has something for you. These are our top recommendations for a spectacular stay – on land and in the water."
Ulvik Norway,4,https://hardangerfjord.com/en/ulvik,h3,Top 7 Cultural and culinary delights in Ulvik
Ulvik Norway,4,https://hardangerfjord.com/en/ulvik,p,"Alongside horticulture, agriculture (particularly sheep) is the primary industry in Hardanger. Consequently, local food traditions are tightly interconnected with the main livelihood in the area, which makes for some spectacular treats and delicacies in the mountainous region. Here are some of our top recommendations for a taste of Ulvik’s cultural and culinary delights."
Ulvik Norway,4,https://hardangerfjord.com/en/ulvik,p,"Alongside horticulture, agriculture (particularly sheep) is the primary industry in Hardanger. Consequently, local food traditions are tightly interconnected with the main livelihood in the area, which makes for some spectacular treats and delicacies in the mountainous region. Here are some of our top recommendations for a taste of Ulvik’s cultural and culinary delights."
Ulvik Norway,4,https://hardangerfjord.com/en/ulvik,h3,Historical treasures of Ulvik
Ulvik Norway,4,https://hardangerfjord.com/en/ulvik,p,"Ulvik has a long, rich cultural history. A host of fascinating traces of a time long gone remain in the nook of the “Pearl”, with several well-preserved pieces of cultural heritage in the dynamic little town."
Ulvik Norway,4,https://hardangerfjord.com/en/ulvik,p,"Ulvik has a long, rich cultural history. A host of fascinating traces of a time long gone remain in the nook of the “Pearl”, with several well-preserved pieces of cultural heritage in the dynamic little town."
Ulvik Norway,4,https://hardangerfjord.com/en/ulvik,h3,5 tips for a family holiday in Ulvik
Ulvik Norway,4,https://hardangerfjord.com/en/ulvik,p,"Ulvik is like a playground for young and old! Head on over to Ulvik for an action-packed, memorable holiday with the family. Click here to get inspired for fun-filled days with the family in the nook of Hardanger."
Ulvik Norway,4,https://hardangerfjord.com/en/ulvik,p,"Ulvik is like a playground for young and old! Head on over to Ulvik for an action-packed, memorable holiday with the family. Click here to get inspired for fun-filled days with the family in the nook of Hardanger."
Ulvik Norway,4,https://hardangerfjord.com/en/ulvik,h3,Top 5 views in Ulvik
Ulvik Norway,4,https://hardangerfjord.com/en/ulvik,p,"Blossoming fruitfarms, towering mountains and glistening fjords beckon you in for some of the most Instagrammable views Hardanger has to offer. Click here to find out where you can catch the best views in Ulvik."
Ulvik Norway,4,https://hardangerfjord.com/en/ulvik,p,"Blossoming fruitfarms, towering mountains and glistening fjords beckon you in for some of the most Instagrammable views Hardanger has to offer. Click here to find out where you can catch the best views in Ulvik."
Ulvik Norway,4,https://hardangerfjord.com/en/ulvik,h2,Useful information
Ulvik Norway,4,https://hardangerfjord.com/en/ulvik,h3,How to get to Ulvik
Ulvik Norway,4,https://hardangerfjord.com/en/ulvik,p,"Curious about how to reach Ulvik? No problem! Whether you are arriving by boat, bus, car or foot, there’s always a way to reach Ulvik. Click here to read more about how to make your way over."
Ulvik Norway,4,https://hardangerfjord.com/en/ulvik,h3,Services in Ulvik
Ulvik Norway,4,https://hardangerfjord.com/en/ulvik,p,"During your stay in Ulvik, you might just need something beyond a place to stay and something to do – perhaps your car broke down, or you’re in need of medical assistance? Check this list for various services Ulvik has to offer."
