query,rank,title,url,snippet,source
Ulvik Norway,1,What to see and do in Ulvik - Fjord Tours,https://www.fjordtours.com/en/norway/places-to-visit/western-norway/ulvik,"Ulvik is a picturesque village nestled in the heart of the Hardangerfjord. Surrounded by majestic mountains and pristine landscapes, Ulvik is a paradise for ...",serper
Ulvik Norway,2,Ulvik - Wikipedia,https://en.wikipedia.org/wiki/Ulvik,"Ulvik is a municipality in Vestland county, Norway. The municipality stretches from the Hardangerfjord to the mountains that reach 1,800 metres (5,900 ft) ...",serper
Ulvik Norway,3,THE 10 BEST Things to Do in Ulvik (2025) - Must-See Attractions,https://www.tripadvisor.com/Attractions-g7159542-Activities-Ulvik_Ulvik_Municipality_Hardanger_Hordaland_Western_Norway.html,"Check out must-see sights and activities: Hardanger Bridge, Rallarvegen (The Navvy Road), Safaris, Nature and Wildlife Tours.",serper
Ulvik Norway,4,Ulvik - Hardanger,https://hardangerfjord.com/en/ulvik,"Ulvik is a small, welcoming village at the innermost end of the Hardangerfjord. Surrounded by steep mountains, green valleys, and fruit orchards.",serper
Ulvik Norway,5,Ulvik Offers An Authentic Norwegian Fjords Experience With Fewer ...,https://www.forbes.com/sites/davidnikel/2025/05/05/ulvik-offers-an-authentic-norwegian-fjords-experience-with-fewer-crowds/,"Known as the orchard of Norway, Ulvik and the Hardanger region offer seasonal delights like cherries, plums, pears, and apples.",serper
Ulvik Norway,6,"Scenic Ulvik Norway | Fjords, Waterfalls & Nature Center - YouTube",https://www.youtube.com/watch?v=E1syYQmeTGs,"Ulvik, Norway is a tender port for cruise ships and the tenders go right to the Brakanes Hotel. Here, you can find a small souvenir shop, ...",serper
Ulvik Norway,7,Ulvik : Norway Travel Guide - Nordic Visitor,https://www.nordicvisitor.com/norway/attractions/ulvik/,"The small hamlet of Ulvik lies on the shores of the beautiful Hardangerfjord, surrounded by gently rolling foothills and a high mountain plateau. Known for its ...",serper
Ulvik Norway,8,"Ulvik, Norway: Quick Tour of this Norwegian Fjords Village - YouTube",https://www.youtube.com/watch?v=TEMAqCxU-SA,"Ulvik in 60 Seconds. Ulvik is a picturesque village situated in the Hardanger region of Norway, packed with classic Norwegian fjord ...",serper
Ulvik Norway,9,Ulvik Norway Guide: Slow Living On Fruit & Cider Route,https://diycruiseports.com/diy-port-guides/ulvik-norway-guide,"Ulvik is famously known as the heart of Norway's fruit and cider route, where you can wander through blossoming orchards and sample award-winning ciders at ...",serper
Ulvik Norway,10,"Things to Do in Ulvik, Norway â€“ Peaceful Fjord Town Worth a Visit",https://www.roadiscalling.com/bergen-to-hardangerfjord-visit-ulvik/,"Discover Ulvik, a quiet fjord town near Bergen with apple orchards, kayaking, and hikes, perfect for the Hardangerfjord visit without ...",serper
